{"step": 73216, "episode": 422, "fps": 74.0, "score": 0.00638, "achievements": 12, "weights": [0.34775200486183167, 0.11683039367198944, 0.2778690755367279, 0.2575485408306122], "vitals": {"health": 9, "food": 9, "drink": 9, "energy": 9}, "persona_rewards": {"explorer": 1.6419999999999955, "survivor": 6.160000000000004, "craftsman": 0.5, "warrior": 0.8600000000000004}, "achievements_list": ["collect_drink", "collect_sapling", "collect_stone", "collect_wood", "defeat_zombie", "eat_cow", "make_wood_pickaxe", "make_wood_sword", "place_plant", "place_stone", "place_table", "wake_up"]}